[
  {
    "code": "&#128512;",
    "text": "😀"
  },
  {
    "code": "&#128513;",
    "text": "😁"
  },
  {
    "code": "&#128514;",
    "text": "😂"
  },
  {
    "code": "&#128515;",
    "text": "😃"
  },
  {
    "code": "&#128516;",
    "text": "😄"
  },
  {
    "code": "&#128517;",
    "text": "😅"
  },
  {
    "code": "&#128518;",
    "text": "😆"
  },
  {
    "code": "&#128519;",
    "text": "😇"
  },
  {
    "code": "&#128520;",
    "text": "😈"
  },
  {
    "code": "&#128521;",
    "text": "😉"
  },
  {
    "code": "&#128522;",
    "text": "😊"
  },
  {
    "code": "&#128523;",
    "text": "😋"
  },
  {
    "code": "&#128524;",
    "text": "😌"
  },
  {
    "code": "&#128525;",
    "text": "😍"
  },
  {
    "code": "&#128526;",
    "text": "😎"
  },
  {
    "code": "&#128527;",
    "text": "😏"
  },
  {
    "code": "&#128528;",
    "text": "😐"
  },
  {
    "code": "&#128529;",
    "text": "😑"
  },
  {
    "code": "&#128530;",
    "text": "😒"
  },
  {
    "code": "&#128512;",
    "text": "😀"
  },
  {
    "code": "&#128531;",
    "text": "😓"
  },
  {
    "code": "&#128532;",
    "text": "😔"
  },
  {
    "code": "&#128533;",
    "text": "😕"
  },
  {
    "code": "&#128535;",
    "text": "😗"
  },
  {
    "code": "&#128536;",
    "text": "😘"
  },
  {
    "code": "&#128537;",
    "text": "😙"
  },
  {
    "code": "&#128538;",
    "text": "😚"
  },
  {
    "code": "&#128539;",
    "text": "😛"
  },
  {
    "code": "&#128540;",
    "text": "😜"
  },
  {
    "code": "&#128541;",
    "text": "😝"
  },
  {
    "code": "&#128542;",
    "text": "😞"
  },
  {
    "code": "&#128543;",
    "text": "😟"
  },
  {
    "code": "&#128544;",
    "text": "😠"
  },
  {
    "code": "&#128545;",
    "text": "😡"
  },
  {
    "code": "&#128546;",
    "text": "😢"
  },
  {
    "code": "&#128547;",
    "text": "😣"
  },
  {
    "code": "&#128548;",
    "text": "😤"
  },
  {
    "code": "&#128549;",
    "text": "😥"
  },
  {
    "code": "&#128550;",
    "text": "😦"
  },
  {
    "code": "&#128551;",
    "text": "😧"
  },
  {
    "code": "&#128552;",
    "text": "😨"
  },
  {
    "code": "&#128553;",
    "text": "😩"
  },
  {
    "code": "&#128554;",
    "text": "😪"
  },
  {
    "code": "&#128555;",
    "text": "😫"
  },
  {
    "code": "&#128556;",
    "text": "😬"
  },
  {
    "code": "&#128557;",
    "text": "😭"
  },
  {
    "code": "&#128558;",
    "text": "😮"
  },
  {
    "code": "&#128559;",
    "text": "😯"
  },
  {
    "code": "&#128560;",
    "text": "😰"
  },
  {
    "code": "&#128561;",
    "text": "😱"
  },
  {
    "code": "&#128562;",
    "text": "😲"
  },
  {
    "code": "&#128563;",
    "text": "😳"
  },
  {
    "code": "&#128564;",
    "text": "😴"
  },
  {
    "code": "&#128565;",
    "text": "😵"
  },
  {
    "code": "&#128566;",
    "text": "😶"
  },
  {
    "code": "&#128567;",
    "text": "😷"
  },
  {
    "code": "&#128577;",
    "text": "🙁"
  },
  {
    "code": "&#128578;",
    "text": "🙂"
  },
  {
    "code": "&#128579;",
    "text": "🙃"
  },
  {
    "code": "&#128580;",
    "text": "🙄"
  },
  {
    "code": "&#129315;",
    "text": "🤣"
  },
  {
    "code": "&#129316;",
    "text": "🤤"
  },
  {
    "code": "&#129317;",
    "text": "🤥"
  },
  {
    "code": "&#129320;",
    "text": "🤨"
  },
  {
    "code": "&#129321;",
    "text": "🤩"
  },
  {
    "code": "&#129322;",
    "text": "🤪"
  },
  {
    "code": "&#129323;",
    "text": "🤫"
  },
  {
    "code": "&#129324;",
    "text": "🤬"
  },
  {
    "code": "&#129325;",
    "text": "🤭"
  },
  {
    "code": "&#129327;",
    "text": "🤯"
  },
  {
    "code": "&#129488;",
    "text": "🧐"
  }
]